ID,Name,Age,Country,Score,Signup_Date
1,User_1,26,India,78.86118023186685,2020-01-01 00:00:00
2,User_2,30,India,77.31133857413178,2020-01-01 01:00:00
3,User_3,35,Kenya,80.95509892478594,2020-01-01 02:00:00
4,User_4,55,Kenya,97.44681638509894,2020-01-01 03:00:00
5,User_5,50,USA,90.17464486109404,2020-01-01 04:00:00
6,User_6,20,Kenya,90.19524930182195,2020-01-01 05:00:00
7,User_7,28,Kenya,90.13538291907038,2020-01-01 06:00:00
8,User_8,57,India,80.75352292030641,2020-01-01 07:00:00
9,User_9,22,India,83.6457761684735,2020-01-01 08:00:00
10,User_10,24,Kenya,93.49302325412363,2020-01-01 09:00:00
11,User_11,30,USA,64.99728584881476,2020-01-01 10:00:00
12,User_12,40,Canada,90.46662807515979,2020-01-01 11:00:00
13,User_13,26,India,85.44010948089831,2020-01-01 12:00:00
14,User_14,20,Canada,52.01537303047644,2020-01-01 13:00:00
15,User_15,54,UK,54.20169421047494,2020-01-01 14:00:00
16,User_16,29,Canada,83.40723726987247,2020-01-01 15:00:00
17,User_17,39,Kenya,66.04895375712917,2020-01-01 16:00:00
18,User_18,33,Germany,67.61867735957463,2020-01-01 17:00:00
19,User_19,45,Germany,56.501177559802635,2020-01-01 18:00:00
20,User_20,23,Canada,94.2659794402982,2020-01-01 19:00:00
21,User_21,21,UK,55.77386177098455,2020-01-01 20:00:00
22,User_22,21,UK,51.808904594238044,2020-01-01 21:00:00
23,User_23,41,Canada,75.51972043713127,2020-01-01 22:00:00
24,User_24,29,Canada,98.69110219927558,2020-01-01 23:00:00
25,User_25,21,India,96.95368442169999,2020-01-02 00:00:00
26,User_26,44,Kenya,61.87458117605827,2020-01-02 01:00:00
27,User_27,31,UK,72.8760710456054,2020-01-02 02:00:00
28,User_28,44,Canada,83.28375371466109,2020-01-02 03:00:00
29,User_29,31,India,80.65614635404722,2020-01-02 04:00:00
30,User_30,31,UK,61.22012597000914,2020-01-02 05:00:00
31,User_31,45,India,91.43830352683526,2020-01-02 06:00:00
32,User_32,18,USA,91.21241069929852,2020-01-02 07:00:00
33,User_33,21,India,87.49920752570615,2020-01-02 08:00:00
34,User_34,43,UK,94.66006526795324,2020-01-02 09:00:00
35,User_35,55,India,71.3668275013319,2020-01-02 10:00:00
36,User_36,57,India,92.36374486993603,2020-01-02 11:00:00
37,User_37,46,Germany,95.06457429594559,2020-01-02 12:00:00
38,User_38,59,Canada,50.1982539619003,2020-01-02 13:00:00
39,User_39,20,Canada,96.49231506168849,2020-01-02 14:00:00
40,User_40,24,Canada,99.94850754010778,2020-01-02 15:00:00
41,User_41,49,India,68.15877783662897,2020-01-02 16:00:00
42,User_42,54,Germany,57.412447933004444,2020-01-02 17:00:00
43,User_43,51,USA,83.9369941692743,2020-01-02 18:00:00
44,User_44,38,Kenya,76.66253116861373,2020-01-02 19:00:00
45,User_45,60,USA,54.09377114161943,2020-01-02 20:00:00
46,User_46,19,Canada,54.47360041471313,2020-01-02 21:00:00
47,User_47,47,USA,99.42357061458515,2020-01-02 22:00:00
48,User_48,51,Germany,53.234556326449514,2020-01-02 23:00:00
49,User_49,46,Kenya,57.1762173845024,2020-01-03 00:00:00
50,User_50,41,India,76.32037669074981,2020-01-03 01:00:00
51,User_51,51,USA,51.459771105356666,2020-01-03 02:00:00
52,User_52,27,Canada,78.76258568913,2020-01-03 03:00:00
53,User_53,50,India,87.71407881857276,2020-01-03 04:00:00
54,User_54,20,USA,50.32374543948396,2020-01-03 05:00:00
55,User_55,34,Germany,59.87804032255348,2020-01-03 06:00:00
56,User_56,36,USA,81.74663202219288,2020-01-03 07:00:00
57,User_57,24,Kenya,84.53880772171271,2020-01-03 08:00:00
58,User_58,23,UK,72.7211363731997,2020-01-03 09:00:00
59,User_59,25,USA,83.083885341609,2020-01-03 10:00:00
60,User_60,52,Canada,77.8301683089154,2020-01-03 11:00:00
61,User_61,19,India,85.97466627400925,2020-01-03 12:00:00
62,User_62,27,Canada,61.250654373315676,2020-01-03 13:00:00
63,User_63,59,Kenya,95.81337801980501,2020-01-03 14:00:00
64,User_64,52,India,65.28481197341515,2020-01-03 15:00:00
65,User_65,25,Kenya,83.30650513595852,2020-01-03 16:00:00
66,User_66,34,India,60.56031289474947,2020-01-03 17:00:00
67,User_67,32,UK,75.89215818635759,2020-01-03 18:00:00
68,User_68,45,UK,55.394227502452495,2020-01-03 19:00:00
69,User_69,53,Canada,85.75680181874696,2020-01-03 20:00:00
70,User_70,37,Germany,64.909068849417,2020-01-03 21:00:00
71,User_71,42,UK,77.52683591809533,2020-01-03 22:00:00
72,User_72,25,Germany,90.06920214254413,2020-01-03 23:00:00
73,User_73,43,USA,64.00128321671484,2020-01-04 00:00:00
74,User_74,47,India,92.50773708725265,2020-01-04 01:00:00
75,User_75,52,UK,64.6973602251778,2020-01-04 02:00:00
76,User_76,20,UK,80.80937337362947,2020-01-04 03:00:00
77,User_77,60,Germany,98.74486397717116,2020-01-04 04:00:00
78,User_78,52,UK,70.64910868216306,2020-01-04 05:00:00
79,User_79,23,India,71.58755101172775,2020-01-04 06:00:00
80,User_80,52,Canada,86.63148768802215,2020-01-04 07:00:00
81,User_81,59,Kenya,58.04919561732973,2020-01-04 08:00:00
82,User_82,45,Germany,86.47824676513295,2020-01-04 09:00:00
83,User_83,19,UK,60.225040190732074,2020-01-04 10:00:00
84,User_84,50,Germany,61.63532461094417,2020-01-04 11:00:00
85,User_85,60,Canada,84.31777392612233,2020-01-04 12:00:00
86,User_86,26,Kenya,79.92148784413726,2020-01-04 13:00:00
87,User_87,43,Canada,89.6264765749961,2020-01-04 14:00:00
88,User_88,33,Canada,87.35924722620602,2020-01-04 15:00:00
89,User_89,34,India,65.73754450277917,2020-01-04 16:00:00
90,User_90,38,India,59.729626093983725,2020-01-04 17:00:00
91,User_91,32,Canada,68.03463998821951,2020-01-04 18:00:00
92,User_92,28,USA,86.35000256234986,2020-01-04 19:00:00
93,User_93,60,Canada,56.56696788630724,2020-01-04 20:00:00
94,User_94,40,UK,54.41734031032074,2020-01-04 21:00:00
95,User_95,36,UK,81.74247326438072,2020-01-04 22:00:00
96,User_96,20,Germany,92.74748654069836,2020-01-04 23:00:00
97,User_97,18,India,98.43672440644517,2020-01-05 00:00:00
98,User_98,50,Canada,56.35256694207415,2020-01-05 01:00:00
99,User_99,23,UK,82.95211874322082,2020-01-05 02:00:00
100,User_100,38,Canada,92.30708840106308,2020-01-05 03:00:00
101,User_101,49,USA,54.82820085535167,2020-01-05 04:00:00
102,User_102,41,Kenya,96.37565830694798,2020-01-05 05:00:00
103,User_103,46,UK,70.20951506104694,2020-01-05 06:00:00
104,User_104,56,Germany,74.88731194837246,2020-01-05 07:00:00
105,User_105,52,Germany,56.011571845235935,2020-01-05 08:00:00
106,User_106,33,UK,86.67769127817431,2020-01-05 09:00:00
107,User_107,41,UK,80.86690708575978,2020-01-05 10:00:00
108,User_108,31,India,80.47902808274425,2020-01-05 11:00:00
109,User_109,41,Kenya,96.58835277835726,2020-01-05 12:00:00
110,User_110,38,USA,61.237391241773224,2020-01-05 13:00:00
111,User_111,46,USA,54.90197865478279,2020-01-05 14:00:00
112,User_112,31,Canada,58.221355202103666,2020-01-05 15:00:00
113,User_113,51,Kenya,76.50938100810805,2020-01-05 16:00:00
114,User_114,47,Canada,73.5262466317923,2020-01-05 17:00:00
115,User_115,23,UK,73.89275668370776,2020-01-05 18:00:00
116,User_116,39,Germany,75.7264767820329,2020-01-05 19:00:00
117,User_117,55,Canada,68.58524858724061,2020-01-05 20:00:00
118,User_118,53,Canada,97.44629235157521,2020-01-05 21:00:00
119,User_119,53,Canada,78.83321470133757,2020-01-05 22:00:00
120,User_120,40,UK,61.92375495469475,2020-01-05 23:00:00
121,User_121,35,USA,99.71614662605951,2020-01-06 00:00:00
122,User_122,44,USA,66.50551218039004,2020-01-06 01:00:00
123,User_123,42,Germany,61.04145265170618,2020-01-06 02:00:00
124,User_124,50,Germany,73.89933863973468,2020-01-06 03:00:00
125,User_125,22,Kenya,82.52428003183525,2020-01-06 04:00:00
126,User_126,21,UK,58.33361079320213,2020-01-06 05:00:00
127,User_127,37,Kenya,51.118197453668856,2020-01-06 06:00:00
128,User_128,27,Kenya,53.85796350833734,2020-01-06 07:00:00
129,User_129,26,Germany,90.63953054205608,2020-01-06 08:00:00
130,User_130,21,India,65.33122053222678,2020-01-06 09:00:00
131,User_131,20,Canada,62.781724857540524,2020-01-06 10:00:00
132,User_132,43,UK,98.67591319033717,2020-01-06 11:00:00
133,User_133,56,Canada,63.3150840475997,2020-01-06 12:00:00
134,User_134,21,India,95.05458637211967,2020-01-06 13:00:00
135,User_135,38,UK,54.16876674313139,2020-01-06 14:00:00
136,User_136,40,Kenya,51.05965431378777,2020-01-06 15:00:00
137,User_137,56,Canada,88.01058359710552,2020-01-06 16:00:00
138,User_138,40,UK,96.21189721094812,2020-01-06 17:00:00
139,User_139,40,Canada,75.76841086022107,2020-01-06 18:00:00
140,User_140,51,UK,53.286385214214576,2020-01-06 19:00:00
141,User_141,55,Canada,51.72676261685781,2020-01-06 20:00:00
142,User_142,51,India,55.973091242783255,2020-01-06 21:00:00
143,User_143,19,Canada,71.88024120625343,2020-01-06 22:00:00
144,User_144,36,USA,69.21982482778279,2020-01-06 23:00:00
145,User_145,25,Canada,85.69278072795811,2020-01-07 00:00:00
146,User_146,44,India,84.6456540659087,2020-01-07 01:00:00
147,User_147,57,Canada,65.10824475349531,2020-01-07 02:00:00
148,User_148,31,USA,81.01175170856357,2020-01-07 03:00:00
149,User_149,47,Germany,51.2670959684824,2020-01-07 04:00:00
150,User_150,35,Canada,94.94049055588223,2020-01-07 05:00:00
151,User_151,52,Kenya,53.98630220989496,2020-01-07 06:00:00
152,User_152,42,UK,58.446693062064774,2020-01-07 07:00:00
153,User_153,42,Germany,67.65566281186719,2020-01-07 08:00:00
154,User_154,57,India,94.1285466099568,2020-01-07 09:00:00
155,User_155,28,Canada,83.56052310021946,2020-01-07 10:00:00
156,User_156,46,Canada,74.86527402772559,2020-01-07 11:00:00
157,User_157,49,Kenya,94.14883497730327,2020-01-07 12:00:00
158,User_158,50,India,69.92299620333576,2020-01-07 13:00:00
159,User_159,38,India,70.24892007808617,2020-01-07 14:00:00
160,User_160,35,Kenya,83.98156688793473,2020-01-07 15:00:00
161,User_161,24,Kenya,97.21945003215029,2020-01-07 16:00:00
162,User_162,58,USA,59.014660337522514,2020-01-07 17:00:00
163,User_163,56,Germany,78.63397816469842,2020-01-07 18:00:00
164,User_164,42,USA,64.38023814943946,2020-01-07 19:00:00
165,User_165,49,UK,57.41254987080109,2020-01-07 20:00:00
166,User_166,46,Canada,69.79994587284793,2020-01-07 21:00:00
167,User_167,42,UK,72.3727763387445,2020-01-07 22:00:00
168,User_168,53,USA,71.19085241094804,2020-01-07 23:00:00
169,User_169,54,Kenya,53.250303000171186,2020-01-08 00:00:00
170,User_170,48,Canada,78.45380653034272,2020-01-08 01:00:00
171,User_171,58,UK,83.09080037572875,2020-01-08 02:00:00
172,User_172,53,USA,64.85829416721253,2020-01-08 03:00:00
173,User_173,31,USA,95.6168667810982,2020-01-08 04:00:00
174,User_174,21,Germany,53.04048253207175,2020-01-08 05:00:00
175,User_175,24,India,78.64487091040797,2020-01-08 06:00:00
176,User_176,31,Germany,58.89014172972249,2020-01-08 07:00:00
177,User_177,34,USA,76.54416489007906,2020-01-08 08:00:00
178,User_178,43,UK,92.48469986931576,2020-01-08 09:00:00
179,User_179,59,Canada,94.08114804204894,2020-01-08 10:00:00
180,User_180,45,USA,78.42747258211837,2020-01-08 11:00:00
181,User_181,30,India,98.00636487065198,2020-01-08 12:00:00
182,User_182,19,UK,75.95086957492768,2020-01-08 13:00:00
183,User_183,19,Kenya,85.2609595174805,2020-01-08 14:00:00
184,User_184,58,India,55.22151570451106,2020-01-08 15:00:00
185,User_185,37,Kenya,58.3317425364547,2020-01-08 16:00:00
186,User_186,58,Germany,76.60603532904146,2020-01-08 17:00:00
187,User_187,42,Canada,70.65893846717724,2020-01-08 18:00:00
188,User_188,48,Germany,74.54134262684553,2020-01-08 19:00:00
189,User_189,49,Canada,81.04718310733385,2020-01-08 20:00:00
190,User_190,33,Germany,65.49398189260683,2020-01-08 21:00:00
191,User_191,41,Germany,52.11648949926763,2020-01-08 22:00:00
192,User_192,57,USA,71.18524773980103,2020-01-08 23:00:00
193,User_193,22,Kenya,68.66569395378761,2020-01-09 00:00:00
194,User_194,21,Germany,76.94220768345873,2020-01-09 01:00:00
195,User_195,51,Kenya,62.08566268276687,2020-01-09 02:00:00
196,User_196,41,Kenya,88.10623027780682,2020-01-09 03:00:00
197,User_197,56,Kenya,80.59542355192895,2020-01-09 04:00:00
198,User_198,26,India,61.21908179797717,2020-01-09 05:00:00
199,User_199,52,Canada,71.4996977169008,2020-01-09 06:00:00
200,User_200,19,Kenya,88.95555512313777,2020-01-09 07:00:00
201,User_201,33,USA,63.9306311126381,2020-01-09 08:00:00
202,User_202,52,UK,83.81697199397682,2020-01-09 09:00:00
203,User_203,31,USA,66.49195593588325,2020-01-09 10:00:00
204,User_204,49,Kenya,57.49174307368944,2020-01-09 11:00:00
205,User_205,47,Germany,70.22557060048143,2020-01-09 12:00:00
206,User_206,22,Germany,86.53693127765851,2020-01-09 13:00:00
207,User_207,53,India,53.403028077264295,2020-01-09 14:00:00
208,User_208,57,Germany,84.15134140363426,2020-01-09 15:00:00
209,User_209,57,UK,91.48486884560106,2020-01-09 16:00:00
210,User_210,21,Kenya,88.30127887189846,2020-01-09 17:00:00
211,User_211,55,Kenya,60.3445327928616,2020-01-09 18:00:00
212,User_212,23,Canada,58.35973457900205,2020-01-09 19:00:00
213,User_213,32,India,80.25207092852645,2020-01-09 20:00:00
214,User_214,60,USA,51.14159001660724,2020-01-09 21:00:00
215,User_215,32,Germany,98.54883160206091,2020-01-09 22:00:00
216,User_216,19,UK,97.75383759796998,2020-01-09 23:00:00
217,User_217,24,UK,63.20605707650566,2020-01-10 00:00:00
218,User_218,44,India,71.91488605962496,2020-01-10 01:00:00
219,User_219,18,Kenya,70.33919655439882,2020-01-10 02:00:00
220,User_220,51,UK,59.177349152540856,2020-01-10 03:00:00
221,User_221,34,Kenya,98.80432884239045,2020-01-10 04:00:00
222,User_222,52,Canada,63.41403198872158,2020-01-10 05:00:00
223,User_223,48,India,97.97639653179725,2020-01-10 06:00:00
224,User_224,52,Germany,79.50847604912666,2020-01-10 07:00:00
225,User_225,24,Germany,88.4844419607435,2020-01-10 08:00:00
226,User_226,55,Kenya,99.44887819720451,2020-01-10 09:00:00
227,User_227,51,UK,71.30253560042549,2020-01-10 10:00:00
228,User_228,46,Germany,98.6754644762581,2020-01-10 11:00:00
229,User_229,31,Germany,95.5240518840566,2020-01-10 12:00:00
230,User_230,27,USA,50.70946403723191,2020-01-10 13:00:00
231,User_231,48,Canada,62.99066205794948,2020-01-10 14:00:00
232,User_232,51,Germany,51.139768748264444,2020-01-10 15:00:00
233,User_233,54,USA,66.26342436188779,2020-01-10 16:00:00
234,User_234,55,Canada,62.823059793367904,2020-01-10 17:00:00
235,User_235,50,Kenya,88.51936805189948,2020-01-10 18:00:00
236,User_236,36,Canada,61.08841706991748,2020-01-10 19:00:00
237,User_237,45,India,80.76901737616932,2020-01-10 20:00:00
238,User_238,32,UK,67.11548785860846,2020-01-10 21:00:00
239,User_239,39,USA,72.99910063429472,2020-01-10 22:00:00
240,User_240,52,India,99.0911659774529,2020-01-10 23:00:00
241,User_241,25,India,62.132954077115755,2020-01-11 00:00:00
242,User_242,40,Kenya,86.65573222282683,2020-01-11 01:00:00
243,User_243,54,Germany,57.18369070962764,2020-01-11 02:00:00
244,User_244,54,Kenya,64.42955169226138,2020-01-11 03:00:00
245,User_245,55,UK,50.43084618394364,2020-01-11 04:00:00
246,User_246,34,USA,71.00005556651035,2020-01-11 05:00:00
247,User_247,59,Kenya,69.65255955095297,2020-01-11 06:00:00
248,User_248,41,Canada,93.95317531726025,2020-01-11 07:00:00
249,User_249,41,India,70.49285135090992,2020-01-11 08:00:00
250,User_250,22,Germany,84.8260258585583,2020-01-11 09:00:00
251,User_251,21,India,64.07471455525634,2020-01-11 10:00:00
252,User_252,53,India,79.47711690667576,2020-01-11 11:00:00
253,User_253,58,Canada,67.13532360742977,2020-01-11 12:00:00
254,User_254,43,Germany,93.48395936788137,2020-01-11 13:00:00
255,User_255,18,UK,62.725446280709484,2020-01-11 14:00:00
256,User_256,47,USA,60.00478513392389,2020-01-11 15:00:00
257,User_257,24,UK,81.1593857290247,2020-01-11 16:00:00
258,User_258,57,USA,54.50487879630274,2020-01-11 17:00:00
259,User_259,53,Canada,93.10716036183291,2020-01-11 18:00:00
260,User_260,32,USA,71.70505707760269,2020-01-11 19:00:00
261,User_261,39,Canada,69.35878380499113,2020-01-11 20:00:00
262,User_262,34,Germany,90.44264881624737,2020-01-11 21:00:00
263,User_263,19,India,93.2248221969854,2020-01-11 22:00:00
264,User_264,22,Canada,69.40803890434447,2020-01-11 23:00:00
265,User_265,22,India,59.777779619997986,2020-01-12 00:00:00
266,User_266,57,USA,78.94599683755861,2020-01-12 01:00:00
267,User_267,19,Canada,80.1168427747243,2020-01-12 02:00:00
268,User_268,27,Germany,61.389844183874146,2020-01-12 03:00:00
269,User_269,24,Germany,97.38711218856676,2020-01-12 04:00:00
270,User_270,38,UK,97.75097877649131,2020-01-12 05:00:00
271,User_271,38,Kenya,54.494494766306154,2020-01-12 06:00:00
272,User_272,36,Germany,57.11203343161745,2020-01-12 07:00:00
273,User_273,50,India,81.41634255562747,2020-01-12 08:00:00
274,User_274,55,Germany,60.337760056956725,2020-01-12 09:00:00
275,User_275,30,India,81.57122107679768,2020-01-12 10:00:00
276,User_276,60,UK,87.0531130810288,2020-01-12 11:00:00
277,User_277,49,Kenya,86.52307363758553,2020-01-12 12:00:00
278,User_278,24,UK,54.16057732080202,2020-01-12 13:00:00
279,User_279,19,USA,67.07233689575034,2020-01-12 14:00:00
280,User_280,33,USA,83.03366257813624,2020-01-12 15:00:00
281,User_281,38,Germany,71.64024403521395,2020-01-12 16:00:00
282,User_282,48,Germany,82.3048291669495,2020-01-12 17:00:00
283,User_283,54,UK,63.38688847209441,2020-01-12 18:00:00
284,User_284,31,Germany,71.73465898762784,2020-01-12 19:00:00
285,User_285,46,Kenya,82.10195428324877,2020-01-12 20:00:00
286,User_286,40,Canada,87.49732554661547,2020-01-12 21:00:00
287,User_287,20,Kenya,73.57038878740832,2020-01-12 22:00:00
288,User_288,43,USA,87.37636090028892,2020-01-12 23:00:00
289,User_289,47,Canada,50.6272507737376,2020-01-13 00:00:00
290,User_290,24,Germany,53.28398370931499,2020-01-13 01:00:00
291,User_291,36,Germany,69.7423212650244,2020-01-13 02:00:00
292,User_292,52,Kenya,82.40182872725543,2020-01-13 03:00:00
293,User_293,31,UK,66.88186111589421,2020-01-13 04:00:00
294,User_294,32,UK,50.38864752387294,2020-01-13 05:00:00
295,User_295,50,Canada,76.81580097671836,2020-01-13 06:00:00
296,User_296,19,Kenya,50.43536643736012,2020-01-13 07:00:00
297,User_297,34,Kenya,77.30019233743126,2020-01-13 08:00:00
298,User_298,58,India,89.76893444638151,2020-01-13 09:00:00
299,User_299,37,Germany,69.87884865961541,2020-01-13 10:00:00
300,User_300,38,Kenya,73.6447067534047,2020-01-13 11:00:00
301,User_301,31,Kenya,65.93076398835876,2020-01-13 12:00:00
302,User_302,40,USA,88.521280382796,2020-01-13 13:00:00
303,User_303,22,UK,93.01039209884303,2020-01-13 14:00:00
304,User_304,32,Canada,81.78128185889949,2020-01-13 15:00:00
305,User_305,41,India,62.391545445661386,2020-01-13 16:00:00
306,User_306,22,Kenya,56.465369831909726,2020-01-13 17:00:00
307,User_307,34,Canada,80.20531624402273,2020-01-13 18:00:00
308,User_308,27,USA,77.30104809233268,2020-01-13 19:00:00
309,User_309,41,Kenya,57.442784226018965,2020-01-13 20:00:00
310,User_310,49,Kenya,55.058094934882725,2020-01-13 21:00:00
311,User_311,35,USA,69.45292531935775,2020-01-13 22:00:00
312,User_312,48,UK,59.73932588658501,2020-01-13 23:00:00
313,User_313,41,Canada,74.95310284779691,2020-01-14 00:00:00
314,User_314,22,USA,58.25604500335375,2020-01-14 01:00:00
315,User_315,37,Germany,56.57381231119718,2020-01-14 02:00:00
316,User_316,38,Canada,72.70928719361038,2020-01-14 03:00:00
317,User_317,32,UK,55.75385169598171,2020-01-14 04:00:00
318,User_318,60,USA,70.01903532194629,2020-01-14 05:00:00
319,User_319,56,Canada,56.00760331000173,2020-01-14 06:00:00
320,User_320,20,Kenya,95.1737312851337,2020-01-14 07:00:00
321,User_321,58,USA,87.67754075170691,2020-01-14 08:00:00
322,User_322,48,Germany,89.58778401909487,2020-01-14 09:00:00
323,User_323,40,USA,85.96720254850217,2020-01-14 10:00:00
324,User_324,50,Germany,65.34511631922311,2020-01-14 11:00:00
325,User_325,51,UK,59.07841947169222,2020-01-14 12:00:00
326,User_326,54,Kenya,70.60519229538065,2020-01-14 13:00:00
327,User_327,52,USA,94.60861351099953,2020-01-14 14:00:00
328,User_328,23,Kenya,96.21265051298136,2020-01-14 15:00:00
329,User_329,26,Germany,79.54718475994582,2020-01-14 16:00:00
330,User_330,28,USA,92.33123878206163,2020-01-14 17:00:00
331,User_331,44,Kenya,66.04475545056039,2020-01-14 18:00:00
332,User_332,35,Kenya,99.04304957800812,2020-01-14 19:00:00
333,User_333,23,Kenya,70.07947410138985,2020-01-14 20:00:00
334,User_334,24,Kenya,74.02623790959055,2020-01-14 21:00:00
335,User_335,35,India,98.93874705843453,2020-01-14 22:00:00
336,User_336,46,USA,62.49677552597876,2020-01-14 23:00:00
337,User_337,27,USA,68.22769311573359,2020-01-15 00:00:00
338,User_338,33,USA,94.13930648983259,2020-01-15 01:00:00
339,User_339,45,Germany,54.44697243388714,2020-01-15 02:00:00
340,User_340,40,Germany,79.6300433046934,2020-01-15 03:00:00
341,User_341,29,Canada,58.892794822814096,2020-01-15 04:00:00
342,User_342,23,Canada,59.562374277486086,2020-01-15 05:00:00
343,User_343,50,Kenya,56.928390946824706,2020-01-15 06:00:00
344,User_344,40,Kenya,93.14423635570343,2020-01-15 07:00:00
345,User_345,60,Germany,76.80890944782483,2020-01-15 08:00:00
346,User_346,51,Kenya,53.79960193893588,2020-01-15 09:00:00
347,User_347,55,India,70.16698524738402,2020-01-15 10:00:00
348,User_348,44,India,87.6829099032553,2020-01-15 11:00:00
349,User_349,27,UK,97.76684017528532,2020-01-15 12:00:00
350,User_350,25,India,88.12054165096514,2020-01-15 13:00:00
351,User_351,28,Canada,78.58631652745215,2020-01-15 14:00:00
352,User_352,32,USA,68.3399960533873,2020-01-15 15:00:00
353,User_353,38,India,76.5648270056958,2020-01-15 16:00:00
354,User_354,25,Canada,78.81032338179999,2020-01-15 17:00:00
355,User_355,48,India,79.57760210056838,2020-01-15 18:00:00
356,User_356,47,India,91.96757990890751,2020-01-15 19:00:00
357,User_357,38,India,56.50903462962326,2020-01-15 20:00:00
358,User_358,57,UK,61.34705531910157,2020-01-15 21:00:00
359,User_359,43,USA,79.82890523011136,2020-01-15 22:00:00
360,User_360,41,Germany,65.09160819730084,2020-01-15 23:00:00
361,User_361,33,UK,93.93988433776343,2020-01-16 00:00:00
362,User_362,24,Germany,50.93659174711567,2020-01-16 01:00:00
363,User_363,18,India,92.04606088017073,2020-01-16 02:00:00
364,User_364,50,Canada,69.57266696013941,2020-01-16 03:00:00
365,User_365,29,India,63.60909795991343,2020-01-16 04:00:00
366,User_366,24,UK,78.19193201432407,2020-01-16 05:00:00
367,User_367,56,Canada,71.38566944395951,2020-01-16 06:00:00
368,User_368,53,Canada,85.93654973961841,2020-01-16 07:00:00
369,User_369,47,Kenya,58.109315687808994,2020-01-16 08:00:00
370,User_370,22,Kenya,51.09558381954886,2020-01-16 09:00:00
371,User_371,55,USA,80.37570375207147,2020-01-16 10:00:00
372,User_372,33,USA,76.67101077272928,2020-01-16 11:00:00
373,User_373,43,UK,50.82889702483847,2020-01-16 12:00:00
374,User_374,23,USA,81.57094505467396,2020-01-16 13:00:00
375,User_375,27,UK,96.05402376321285,2020-01-16 14:00:00
376,User_376,44,UK,57.90051473885768,2020-01-16 15:00:00
377,User_377,25,USA,74.9598769741881,2020-01-16 16:00:00
378,User_378,46,Germany,79.46161372369033,2020-01-16 17:00:00
379,User_379,51,Canada,65.41415923023924,2020-01-16 18:00:00
380,User_380,27,USA,74.75842591873683,2020-01-16 19:00:00
381,User_381,56,UK,53.55166028723386,2020-01-16 20:00:00
382,User_382,59,Germany,81.99391560501091,2020-01-16 21:00:00
383,User_383,42,UK,64.01069260613748,2020-01-16 22:00:00
384,User_384,18,Canada,56.25672451720778,2020-01-16 23:00:00
385,User_385,52,Kenya,83.66221144517905,2020-01-17 00:00:00
386,User_386,56,UK,71.96295763745536,2020-01-17 01:00:00
387,User_387,33,UK,90.77918818351613,2020-01-17 02:00:00
388,User_388,20,Canada,74.24221688863017,2020-01-17 03:00:00
389,User_389,34,Germany,65.96481347034063,2020-01-17 04:00:00
390,User_390,56,Kenya,87.9006476270353,2020-01-17 05:00:00
391,User_391,38,USA,80.6585368007753,2020-01-17 06:00:00
392,User_392,54,Germany,69.37663555996038,2020-01-17 07:00:00
393,User_393,55,India,59.81161380436402,2020-01-17 08:00:00
394,User_394,26,Germany,69.38675363994696,2020-01-17 09:00:00
395,User_395,45,UK,60.83451545270776,2020-01-17 10:00:00
396,User_396,45,Canada,80.21467542975853,2020-01-17 11:00:00
397,User_397,52,India,83.02390807364127,2020-01-17 12:00:00
398,User_398,34,USA,84.4442971463625,2020-01-17 13:00:00
399,User_399,33,USA,86.78490914511647,2020-01-17 14:00:00
400,User_400,57,Canada,91.50909990987898,2020-01-17 15:00:00
401,User_401,47,Kenya,60.776453543324415,2020-01-17 16:00:00
402,User_402,27,USA,66.88904746412064,2020-01-17 17:00:00
403,User_403,28,USA,52.568515679661466,2020-01-17 18:00:00
404,User_404,30,USA,50.130585669087054,2020-01-17 19:00:00
405,User_405,35,Germany,74.54987379459439,2020-01-17 20:00:00
406,User_406,26,UK,74.0357228215724,2020-01-17 21:00:00
407,User_407,23,India,61.10297452725301,2020-01-17 22:00:00
408,User_408,22,UK,62.95735573707085,2020-01-17 23:00:00
409,User_409,45,India,57.20785715169413,2020-01-18 00:00:00
410,User_410,33,Germany,61.197461607739704,2020-01-18 01:00:00
411,User_411,22,Germany,59.733732050408946,2020-01-18 02:00:00
412,User_412,46,USA,65.73083946293012,2020-01-18 03:00:00
413,User_413,49,India,62.33572292328512,2020-01-18 04:00:00
414,User_414,26,Kenya,98.99904208092289,2020-01-18 05:00:00
415,User_415,23,Kenya,93.1283807286381,2020-01-18 06:00:00
416,User_416,30,USA,50.941797265895175,2020-01-18 07:00:00
417,User_417,20,Canada,97.89116711369604,2020-01-18 08:00:00
418,User_418,27,USA,71.60862518204455,2020-01-18 09:00:00
419,User_419,30,USA,85.14698595276747,2020-01-18 10:00:00
420,User_420,45,USA,89.8754086725396,2020-01-18 11:00:00
421,User_421,38,India,58.668971337814156,2020-01-18 12:00:00
422,User_422,18,Germany,80.21187419290939,2020-01-18 13:00:00
423,User_423,24,India,77.16452866464584,2020-01-18 14:00:00
424,User_424,48,UK,88.99567796099726,2020-01-18 15:00:00
425,User_425,26,USA,92.82784954738355,2020-01-18 16:00:00
426,User_426,36,UK,53.615415125044876,2020-01-18 17:00:00
427,User_427,22,USA,74.45245034605341,2020-01-18 18:00:00
428,User_428,24,Germany,93.54364197375926,2020-01-18 19:00:00
429,User_429,27,Germany,72.46688322392492,2020-01-18 20:00:00
430,User_430,56,Germany,76.25626175516786,2020-01-18 21:00:00
431,User_431,49,Canada,95.87969709361566,2020-01-18 22:00:00
432,User_432,23,Germany,55.98674162273612,2020-01-18 23:00:00
433,User_433,45,Germany,54.124854703283916,2020-01-19 00:00:00
434,User_434,46,UK,51.62112660548034,2020-01-19 01:00:00
435,User_435,53,USA,68.96966622573625,2020-01-19 02:00:00
436,User_436,37,India,70.32752467532111,2020-01-19 03:00:00
437,User_437,40,India,99.54915538016712,2020-01-19 04:00:00
438,User_438,31,Canada,71.88734695066589,2020-01-19 05:00:00
439,User_439,24,UK,90.51300069573034,2020-01-19 06:00:00
440,User_440,33,UK,65.62013624731301,2020-01-19 07:00:00
441,User_441,22,Canada,59.09623948951604,2020-01-19 08:00:00
442,User_442,43,Canada,53.187205592967175,2020-01-19 09:00:00
443,User_443,18,Germany,72.59453097758268,2020-01-19 10:00:00
444,User_444,26,USA,82.3279519959355,2020-01-19 11:00:00
445,User_445,58,Germany,66.4806238461482,2020-01-19 12:00:00
446,User_446,60,Germany,75.73320843612298,2020-01-19 13:00:00
447,User_447,24,India,72.63728101226363,2020-01-19 14:00:00
448,User_448,32,USA,76.98960345209551,2020-01-19 15:00:00
449,User_449,41,USA,77.96868131830067,2020-01-19 16:00:00
450,User_450,53,UK,84.5771705475652,2020-01-19 17:00:00
451,User_451,48,India,85.65364776957273,2020-01-19 18:00:00
452,User_452,48,India,70.47202457137374,2020-01-19 19:00:00
453,User_453,49,Kenya,74.27624676589204,2020-01-19 20:00:00
454,User_454,52,Kenya,53.651855826846216,2020-01-19 21:00:00
455,User_455,20,Germany,52.80258793394637,2020-01-19 22:00:00
456,User_456,39,USA,88.44757730247844,2020-01-19 23:00:00
457,User_457,23,Germany,94.36527073688396,2020-01-20 00:00:00
458,User_458,27,USA,74.52309212294821,2020-01-20 01:00:00
459,User_459,39,India,94.19280816301236,2020-01-20 02:00:00
460,User_460,42,Kenya,81.8198464604088,2020-01-20 03:00:00
461,User_461,43,Germany,72.85496028019844,2020-01-20 04:00:00
462,User_462,26,USA,77.81922185582347,2020-01-20 05:00:00
463,User_463,45,Canada,84.47958472021728,2020-01-20 06:00:00
464,User_464,29,USA,83.69568096890171,2020-01-20 07:00:00
465,User_465,26,USA,67.95496685776946,2020-01-20 08:00:00
466,User_466,52,Kenya,87.45212746176765,2020-01-20 09:00:00
467,User_467,37,Canada,95.49893511685238,2020-01-20 10:00:00
468,User_468,38,Germany,77.68285608581567,2020-01-20 11:00:00
469,User_469,42,Canada,96.20374750033633,2020-01-20 12:00:00
470,User_470,54,UK,61.52457040846299,2020-01-20 13:00:00
471,User_471,42,Germany,91.48496285754945,2020-01-20 14:00:00
472,User_472,51,India,91.17609434084768,2020-01-20 15:00:00
473,User_473,39,USA,87.8996438867506,2020-01-20 16:00:00
474,User_474,41,UK,86.56394596034521,2020-01-20 17:00:00
475,User_475,22,Canada,92.50374122791445,2020-01-20 18:00:00
476,User_476,44,Kenya,89.62237869929832,2020-01-20 19:00:00
477,User_477,28,USA,76.22460227733376,2020-01-20 20:00:00
478,User_478,37,USA,77.20547962278123,2020-01-20 21:00:00
479,User_479,25,Kenya,83.69276523733033,2020-01-20 22:00:00
480,User_480,30,Germany,77.94584799822488,2020-01-20 23:00:00
481,User_481,37,India,72.59860085400136,2020-01-21 00:00:00
482,User_482,47,UK,63.125150266963374,2020-01-21 01:00:00
483,User_483,34,Germany,88.03327372748974,2020-01-21 02:00:00
484,User_484,20,USA,58.37778230089455,2020-01-21 03:00:00
485,User_485,45,Kenya,88.76763259551171,2020-01-21 04:00:00
486,User_486,56,Germany,82.30475401248177,2020-01-21 05:00:00
487,User_487,39,Canada,71.95701093271532,2020-01-21 06:00:00
488,User_488,23,UK,84.61360562263792,2020-01-21 07:00:00
489,User_489,23,USA,51.913244723453765,2020-01-21 08:00:00
490,User_490,43,India,61.15389357434758,2020-01-21 09:00:00
491,User_491,56,Canada,57.97077264532606,2020-01-21 10:00:00
492,User_492,45,USA,68.59811804604868,2020-01-21 11:00:00
493,User_493,54,India,74.93723154555,2020-01-21 12:00:00
494,User_494,20,Canada,83.88667778133943,2020-01-21 13:00:00
495,User_495,59,UK,90.4966757154999,2020-01-21 14:00:00
496,User_496,27,India,83.80681084363046,2020-01-21 15:00:00
497,User_497,29,India,63.292881406775436,2020-01-21 16:00:00
498,User_498,24,USA,92.57149506955164,2020-01-21 17:00:00
499,User_499,41,Germany,94.64523123138936,2020-01-21 18:00:00
500,User_500,37,Germany,83.77079768901046,2020-01-21 19:00:00
501,User_501,57,India,61.14428829164795,2020-01-21 20:00:00
502,User_502,20,UK,88.34752817514469,2020-01-21 21:00:00
503,User_503,35,USA,88.46062996267293,2020-01-21 22:00:00
504,User_504,60,Germany,63.27575804643444,2020-01-21 23:00:00
505,User_505,31,USA,76.33652086749746,2020-01-22 00:00:00
506,User_506,51,Kenya,61.30707632639841,2020-01-22 01:00:00
507,User_507,57,Kenya,71.87183739605246,2020-01-22 02:00:00
508,User_508,31,India,94.8557993329052,2020-01-22 03:00:00
509,User_509,32,India,63.42774416522685,2020-01-22 04:00:00
510,User_510,35,Canada,67.020693972716,2020-01-22 05:00:00
511,User_511,54,UK,92.36569123846022,2020-01-22 06:00:00
512,User_512,47,Germany,79.12989183874632,2020-01-22 07:00:00
513,User_513,54,UK,75.30037070977673,2020-01-22 08:00:00
514,User_514,20,India,60.419374707057315,2020-01-22 09:00:00
515,User_515,38,Canada,81.36360455135224,2020-01-22 10:00:00
516,User_516,42,Germany,56.4599955713408,2020-01-22 11:00:00
517,User_517,43,India,70.28601496684487,2020-01-22 12:00:00
518,User_518,57,India,53.93098233283714,2020-01-22 13:00:00
519,User_519,47,UK,85.05717161624459,2020-01-22 14:00:00
520,User_520,24,USA,79.4428809817871,2020-01-22 15:00:00
521,User_521,40,UK,94.8305860018356,2020-01-22 16:00:00
522,User_522,44,UK,88.39783388753044,2020-01-22 17:00:00
523,User_523,56,Kenya,75.77821106316767,2020-01-22 18:00:00
524,User_524,25,UK,81.50258716574433,2020-01-22 19:00:00
525,User_525,23,USA,86.88893933718889,2020-01-22 20:00:00
526,User_526,42,Kenya,69.15461337367492,2020-01-22 21:00:00
527,User_527,55,Germany,97.39092158899149,2020-01-22 22:00:00
528,User_528,48,UK,91.04098503073557,2020-01-22 23:00:00
529,User_529,59,Germany,66.7481436781775,2020-01-23 00:00:00
530,User_530,33,Canada,85.04579351423914,2020-01-23 01:00:00
531,User_531,18,Canada,88.07188706788153,2020-01-23 02:00:00
532,User_532,60,India,72.94074730079838,2020-01-23 03:00:00
533,User_533,33,Kenya,70.60793463413233,2020-01-23 04:00:00
534,User_534,56,Germany,67.93185197038503,2020-01-23 05:00:00
535,User_535,20,Canada,98.89254226350113,2020-01-23 06:00:00
536,User_536,42,Canada,66.80839959541902,2020-01-23 07:00:00
537,User_537,44,Canada,66.6410304366261,2020-01-23 08:00:00
538,User_538,59,Canada,96.41046884358462,2020-01-23 09:00:00
539,User_539,34,Canada,56.459047075376915,2020-01-23 10:00:00
540,User_540,32,Germany,79.71012135666086,2020-01-23 11:00:00
541,User_541,43,UK,91.82439513866862,2020-01-23 12:00:00
542,User_542,44,UK,78.57167856472354,2020-01-23 13:00:00
543,User_543,50,India,77.66217124167757,2020-01-23 14:00:00
544,User_544,31,USA,96.25773576476233,2020-01-23 15:00:00
545,User_545,25,Germany,85.45551506256041,2020-01-23 16:00:00
546,User_546,23,India,79.57088619996645,2020-01-23 17:00:00
547,User_547,38,India,98.73166735927909,2020-01-23 18:00:00
548,User_548,30,Germany,65.93831690692649,2020-01-23 19:00:00
549,User_549,45,UK,74.03297551636578,2020-01-23 20:00:00
550,User_550,21,Germany,51.6019041310093,2020-01-23 21:00:00
551,User_551,42,USA,74.67807460787947,2020-01-23 22:00:00
552,User_552,25,UK,88.43974628691588,2020-01-23 23:00:00
553,User_553,40,UK,68.49540856110283,2020-01-24 00:00:00
554,User_554,38,USA,94.33251384613618,2020-01-24 01:00:00
555,User_555,24,Canada,73.53177269309266,2020-01-24 02:00:00
556,User_556,33,Kenya,65.93580547285569,2020-01-24 03:00:00
557,User_557,52,USA,84.02691573310325,2020-01-24 04:00:00
558,User_558,42,Germany,57.22073701559549,2020-01-24 05:00:00
559,User_559,46,USA,58.295340620117194,2020-01-24 06:00:00
560,User_560,60,Germany,92.66321762898198,2020-01-24 07:00:00
561,User_561,31,Germany,82.09225878190458,2020-01-24 08:00:00
562,User_562,32,UK,91.1195457998067,2020-01-24 09:00:00
563,User_563,31,Canada,86.0338980387897,2020-01-24 10:00:00
564,User_564,30,Kenya,75.26198487780394,2020-01-24 11:00:00
565,User_565,41,Kenya,57.97682475174689,2020-01-24 12:00:00
566,User_566,56,Kenya,87.64609651055537,2020-01-24 13:00:00
567,User_567,19,Germany,93.0492830727766,2020-01-24 14:00:00
568,User_568,54,India,83.52209120862204,2020-01-24 15:00:00
569,User_569,39,Canada,67.74403497601685,2020-01-24 16:00:00
570,User_570,42,UK,59.471712955367785,2020-01-24 17:00:00
571,User_571,50,Canada,54.0333118491608,2020-01-24 18:00:00
572,User_572,59,Canada,61.55857617403587,2020-01-24 19:00:00
573,User_573,26,UK,99.16896073067603,2020-01-24 20:00:00
574,User_574,41,USA,55.158271987877185,2020-01-24 21:00:00
575,User_575,54,UK,87.83009710860398,2020-01-24 22:00:00
576,User_576,34,India,85.78092439795466,2020-01-24 23:00:00
577,User_577,23,USA,51.633628857472736,2020-01-25 00:00:00
578,User_578,60,Canada,62.03789991816976,2020-01-25 01:00:00
579,User_579,24,Germany,87.64548867926379,2020-01-25 02:00:00
580,User_580,41,UK,55.50435742314457,2020-01-25 03:00:00
581,User_581,18,India,92.5062371228158,2020-01-25 04:00:00
582,User_582,60,USA,56.19015726114177,2020-01-25 05:00:00
583,User_583,24,India,57.89699143315426,2020-01-25 06:00:00
584,User_584,43,Germany,74.98128393309173,2020-01-25 07:00:00
585,User_585,44,Germany,79.99640853541915,2020-01-25 08:00:00
586,User_586,18,Kenya,87.68070371461826,2020-01-25 09:00:00
587,User_587,50,India,82.75889609476383,2020-01-25 10:00:00
588,User_588,41,Kenya,75.37730837547184,2020-01-25 11:00:00
589,User_589,29,UK,96.43616738528766,2020-01-25 12:00:00
590,User_590,42,India,64.46294134830443,2020-01-25 13:00:00
591,User_591,59,Kenya,78.18220676795947,2020-01-25 14:00:00
592,User_592,56,USA,97.73397447625203,2020-01-25 15:00:00
593,User_593,19,India,70.77585042195798,2020-01-25 16:00:00
594,User_594,43,Canada,84.30370729568025,2020-01-25 17:00:00
595,User_595,48,Germany,92.24723542307437,2020-01-25 18:00:00
596,User_596,31,Kenya,76.47261259759306,2020-01-25 19:00:00
597,User_597,42,India,70.94344790214383,2020-01-25 20:00:00
598,User_598,29,UK,54.38318315707168,2020-01-25 21:00:00
599,User_599,19,Kenya,59.78457748569576,2020-01-25 22:00:00
600,User_600,21,USA,90.74300515799405,2020-01-25 23:00:00
601,User_601,44,USA,82.6654245918494,2020-01-26 00:00:00
602,User_602,50,India,96.82580283858255,2020-01-26 01:00:00
603,User_603,56,Kenya,85.30368903004984,2020-01-26 02:00:00
604,User_604,27,Canada,88.52501518047507,2020-01-26 03:00:00
605,User_605,41,USA,80.1587859839149,2020-01-26 04:00:00
606,User_606,22,Kenya,82.44427447492166,2020-01-26 05:00:00
607,User_607,55,Kenya,88.64081004221407,2020-01-26 06:00:00
608,User_608,25,Kenya,50.036910603565744,2020-01-26 07:00:00
609,User_609,48,Kenya,56.92333559424866,2020-01-26 08:00:00
610,User_610,30,USA,69.58509788994832,2020-01-26 09:00:00
611,User_611,57,Canada,88.80275923332351,2020-01-26 10:00:00
612,User_612,41,Germany,56.25831131755874,2020-01-26 11:00:00
613,User_613,34,Canada,98.8650079051344,2020-01-26 12:00:00
614,User_614,22,India,80.9493311315069,2020-01-26 13:00:00
615,User_615,30,UK,51.46084919341061,2020-01-26 14:00:00
616,User_616,32,Canada,88.87054986945196,2020-01-26 15:00:00
617,User_617,42,UK,82.01937730101471,2020-01-26 16:00:00
618,User_618,52,Germany,56.561046219244744,2020-01-26 17:00:00
619,User_619,52,Canada,54.126591071082935,2020-01-26 18:00:00
620,User_620,47,Canada,69.497455402914,2020-01-26 19:00:00
621,User_621,57,UK,71.73701175080393,2020-01-26 20:00:00
622,User_622,52,UK,55.413121288832386,2020-01-26 21:00:00
623,User_623,18,India,88.09616361167,2020-01-26 22:00:00
624,User_624,50,Kenya,76.33054021372827,2020-01-26 23:00:00
625,User_625,57,Germany,86.30935048520948,2020-01-27 00:00:00
626,User_626,33,India,64.68566653537015,2020-01-27 01:00:00
627,User_627,32,India,87.31464056740859,2020-01-27 02:00:00
628,User_628,22,Canada,59.365693969257194,2020-01-27 03:00:00
629,User_629,51,India,69.00721493532672,2020-01-27 04:00:00
630,User_630,43,Kenya,76.45582259545749,2020-01-27 05:00:00
631,User_631,26,USA,88.65687964698125,2020-01-27 06:00:00
632,User_632,23,UK,62.58801851193835,2020-01-27 07:00:00
633,User_633,47,USA,90.06284459958918,2020-01-27 08:00:00
634,User_634,43,UK,81.76521007924768,2020-01-27 09:00:00
635,User_635,19,Germany,87.80867315417615,2020-01-27 10:00:00
636,User_636,49,Kenya,88.86626274831382,2020-01-27 11:00:00
637,User_637,34,Canada,75.81421690791485,2020-01-27 12:00:00
638,User_638,30,Germany,68.29787913459973,2020-01-27 13:00:00
639,User_639,25,India,65.8682092568359,2020-01-27 14:00:00
640,User_640,43,India,98.46202651131853,2020-01-27 15:00:00
641,User_641,33,India,54.67868540807754,2020-01-27 16:00:00
642,User_642,24,Germany,78.80719348507341,2020-01-27 17:00:00
643,User_643,49,Germany,93.32449036129432,2020-01-27 18:00:00
644,User_644,58,Canada,97.92100265188304,2020-01-27 19:00:00
645,User_645,36,USA,54.6557845246775,2020-01-27 20:00:00
646,User_646,59,USA,92.58520221115752,2020-01-27 21:00:00
647,User_647,32,Germany,59.97299234534283,2020-01-27 22:00:00
648,User_648,46,USA,86.10380778681846,2020-01-27 23:00:00
649,User_649,36,USA,61.764692294676195,2020-01-28 00:00:00
650,User_650,27,Canada,82.29029784388499,2020-01-28 01:00:00
651,User_651,20,Kenya,97.96373399203745,2020-01-28 02:00:00
652,User_652,35,USA,88.3281406409628,2020-01-28 03:00:00
653,User_653,49,Germany,98.04476587211967,2020-01-28 04:00:00
654,User_654,19,Kenya,60.79101674132666,2020-01-28 05:00:00
655,User_655,42,UK,95.45684468488156,2020-01-28 06:00:00
656,User_656,38,India,91.78856427963998,2020-01-28 07:00:00
657,User_657,18,USA,87.14253016547087,2020-01-28 08:00:00
658,User_658,50,USA,88.50784677249396,2020-01-28 09:00:00
659,User_659,59,Canada,60.66237275619491,2020-01-28 10:00:00
660,User_660,36,India,94.85032602970607,2020-01-28 11:00:00
661,User_661,34,Canada,66.44417785745574,2020-01-28 12:00:00
662,User_662,31,Kenya,81.91684669203543,2020-01-28 13:00:00
663,User_663,40,Germany,89.50689093151837,2020-01-28 14:00:00
664,User_664,32,Canada,67.17316450072792,2020-01-28 15:00:00
665,User_665,52,India,97.2016826344526,2020-01-28 16:00:00
666,User_666,33,USA,86.47139355788369,2020-01-28 17:00:00
667,User_667,49,Germany,53.959358936990355,2020-01-28 18:00:00
668,User_668,34,Kenya,82.85948950737605,2020-01-28 19:00:00
669,User_669,22,Canada,64.74829830282009,2020-01-28 20:00:00
670,User_670,41,UK,69.28196317798638,2020-01-28 21:00:00
671,User_671,44,USA,96.62325168229226,2020-01-28 22:00:00
672,User_672,18,Kenya,71.46349691185792,2020-01-28 23:00:00
673,User_673,29,USA,88.45442484150733,2020-01-29 00:00:00
674,User_674,52,Germany,82.00764509059121,2020-01-29 01:00:00
675,User_675,55,Germany,68.48838750380399,2020-01-29 02:00:00
676,User_676,47,Germany,55.97485599884887,2020-01-29 03:00:00
677,User_677,52,Germany,98.29575026879765,2020-01-29 04:00:00
678,User_678,38,UK,88.2964948675628,2020-01-29 05:00:00
679,User_679,42,India,54.67827833908308,2020-01-29 06:00:00
680,User_680,22,Canada,52.708936718465296,2020-01-29 07:00:00
681,User_681,49,Germany,65.50183588556305,2020-01-29 08:00:00
682,User_682,33,Kenya,81.0661245552714,2020-01-29 09:00:00
683,User_683,35,Germany,84.9825881641896,2020-01-29 10:00:00
684,User_684,32,Canada,95.36979762423391,2020-01-29 11:00:00
685,User_685,46,USA,72.17346940067168,2020-01-29 12:00:00
686,User_686,39,India,67.60913406735239,2020-01-29 13:00:00
687,User_687,35,Germany,82.74898150515145,2020-01-29 14:00:00
688,User_688,53,Germany,69.88834996354024,2020-01-29 15:00:00
689,User_689,26,India,75.75978955725216,2020-01-29 16:00:00
690,User_690,52,Germany,75.25581073071457,2020-01-29 17:00:00
691,User_691,55,USA,66.69841759563272,2020-01-29 18:00:00
692,User_692,26,India,89.71910468042456,2020-01-29 19:00:00
693,User_693,47,USA,82.91562623418135,2020-01-29 20:00:00
694,User_694,58,India,79.82187837305545,2020-01-29 21:00:00
695,User_695,28,Germany,78.28046840677344,2020-01-29 22:00:00
696,User_696,33,India,53.17489115196636,2020-01-29 23:00:00
697,User_697,54,USA,59.39218940394939,2020-01-30 00:00:00
698,User_698,52,UK,93.99505529525035,2020-01-30 01:00:00
699,User_699,56,Germany,72.33041498294027,2020-01-30 02:00:00
700,User_700,30,Kenya,88.50089425860787,2020-01-30 03:00:00
701,User_701,36,Kenya,88.27444590898797,2020-01-30 04:00:00
702,User_702,46,India,60.416977465124425,2020-01-30 05:00:00
703,User_703,35,USA,77.10259219881138,2020-01-30 06:00:00
704,User_704,18,USA,58.74745756983285,2020-01-30 07:00:00
705,User_705,58,Germany,76.73255655335592,2020-01-30 08:00:00
706,User_706,31,USA,81.09496864313807,2020-01-30 09:00:00
707,User_707,35,UK,63.423328210177786,2020-01-30 10:00:00
708,User_708,31,India,61.14890684751904,2020-01-30 11:00:00
709,User_709,59,Kenya,86.94396722400303,2020-01-30 12:00:00
710,User_710,59,Canada,91.49963252924334,2020-01-30 13:00:00
711,User_711,40,Kenya,66.73546243763988,2020-01-30 14:00:00
712,User_712,55,USA,58.66967567955438,2020-01-30 15:00:00
713,User_713,49,India,91.42418400124876,2020-01-30 16:00:00
714,User_714,58,USA,72.27412403108714,2020-01-30 17:00:00
715,User_715,42,USA,91.0461957718404,2020-01-30 18:00:00
716,User_716,26,Kenya,50.15693103983239,2020-01-30 19:00:00
717,User_717,37,Canada,66.2712103091586,2020-01-30 20:00:00
718,User_718,27,USA,73.0264050176114,2020-01-30 21:00:00
719,User_719,40,UK,96.83869975279016,2020-01-30 22:00:00
720,User_720,57,Kenya,85.88976448192585,2020-01-30 23:00:00
721,User_721,57,UK,52.47116382962407,2020-01-31 00:00:00
722,User_722,26,USA,65.16946274561867,2020-01-31 01:00:00
723,User_723,18,USA,95.37940742788624,2020-01-31 02:00:00
724,User_724,54,UK,56.28539749862412,2020-01-31 03:00:00
725,User_725,59,Canada,61.63241439406188,2020-01-31 04:00:00
726,User_726,38,UK,83.6076705681148,2020-01-31 05:00:00
727,User_727,31,Germany,74.45212085645659,2020-01-31 06:00:00
728,User_728,40,USA,91.28185552851386,2020-01-31 07:00:00
729,User_729,51,India,85.01517902404997,2020-01-31 08:00:00
730,User_730,54,USA,68.45101933341806,2020-01-31 09:00:00
731,User_731,53,UK,55.60001439098656,2020-01-31 10:00:00
732,User_732,46,India,56.30026765709838,2020-01-31 11:00:00
733,User_733,33,USA,77.31598419385966,2020-01-31 12:00:00
734,User_734,29,USA,67.72199857138176,2020-01-31 13:00:00
735,User_735,36,Kenya,51.01406409708834,2020-01-31 14:00:00
736,User_736,38,India,66.43283588733388,2020-01-31 15:00:00
737,User_737,22,India,93.31979767998442,2020-01-31 16:00:00
738,User_738,56,USA,79.8282268837215,2020-01-31 17:00:00
739,User_739,41,USA,74.85112994538727,2020-01-31 18:00:00
740,User_740,58,USA,82.7909449371719,2020-01-31 19:00:00
741,User_741,56,Canada,91.50935414329788,2020-01-31 20:00:00
742,User_742,39,Canada,76.62121429149715,2020-01-31 21:00:00
743,User_743,28,India,66.5791275081025,2020-01-31 22:00:00
744,User_744,55,UK,52.506424271506525,2020-01-31 23:00:00
745,User_745,56,Germany,77.50918194919134,2020-02-01 00:00:00
746,User_746,32,Germany,61.35045730960409,2020-02-01 01:00:00
747,User_747,47,Germany,61.47167438953616,2020-02-01 02:00:00
748,User_748,26,UK,52.984170090336626,2020-02-01 03:00:00
749,User_749,28,Canada,72.98295324160968,2020-02-01 04:00:00
750,User_750,50,UK,80.66971801400575,2020-02-01 05:00:00
751,User_751,50,India,98.53111139010335,2020-02-01 06:00:00
752,User_752,49,India,53.715291758559296,2020-02-01 07:00:00
753,User_753,58,Germany,51.983197014510026,2020-02-01 08:00:00
754,User_754,29,Germany,51.45093299675652,2020-02-01 09:00:00
755,User_755,38,Canada,71.00112976032749,2020-02-01 10:00:00
756,User_756,21,UK,95.09642900429216,2020-02-01 11:00:00
757,User_757,59,India,98.95592246196583,2020-02-01 12:00:00
758,User_758,56,UK,86.16988573233719,2020-02-01 13:00:00
759,User_759,52,India,65.48826673389065,2020-02-01 14:00:00
760,User_760,51,India,52.544919218280555,2020-02-01 15:00:00
761,User_761,28,India,53.28313200976728,2020-02-01 16:00:00
762,User_762,48,Canada,57.89875337987663,2020-02-01 17:00:00
763,User_763,29,UK,87.22595378330121,2020-02-01 18:00:00
764,User_764,49,UK,81.87663816729598,2020-02-01 19:00:00
765,User_765,20,Canada,71.38043020309847,2020-02-01 20:00:00
766,User_766,32,India,81.59852372577899,2020-02-01 21:00:00
767,User_767,33,UK,68.81650870155508,2020-02-01 22:00:00
768,User_768,43,India,71.46299137045943,2020-02-01 23:00:00
769,User_769,29,India,61.767758924969684,2020-02-02 00:00:00
770,User_770,18,Germany,90.21940793696118,2020-02-02 01:00:00
771,User_771,30,India,70.76927523370767,2020-02-02 02:00:00
772,User_772,57,Germany,74.86923366023424,2020-02-02 03:00:00
773,User_773,39,USA,72.2353299119375,2020-02-02 04:00:00
774,User_774,50,UK,56.540694127483036,2020-02-02 05:00:00
775,User_775,51,Germany,89.3770275030744,2020-02-02 06:00:00
776,User_776,60,India,58.89565998131759,2020-02-02 07:00:00
777,User_777,39,UK,56.60430726218885,2020-02-02 08:00:00
778,User_778,54,Kenya,71.59137769314337,2020-02-02 09:00:00
779,User_779,33,USA,63.32098623265084,2020-02-02 10:00:00
780,User_780,26,India,82.98977376879122,2020-02-02 11:00:00
781,User_781,53,India,93.25485470404273,2020-02-02 12:00:00
782,User_782,24,USA,76.55856540527272,2020-02-02 13:00:00
783,User_783,55,UK,91.97066445536495,2020-02-02 14:00:00
784,User_784,21,Germany,96.99614300102405,2020-02-02 15:00:00
785,User_785,47,Canada,63.85300376397208,2020-02-02 16:00:00
786,User_786,33,Germany,95.21990882629183,2020-02-02 17:00:00
787,User_787,50,India,51.69574231855466,2020-02-02 18:00:00
788,User_788,19,Canada,86.01440255432021,2020-02-02 19:00:00
789,User_789,60,India,89.0519357416801,2020-02-02 20:00:00
790,User_790,30,Germany,56.82728667377259,2020-02-02 21:00:00
791,User_791,29,Germany,80.23884116488611,2020-02-02 22:00:00
792,User_792,36,Canada,85.35371327054656,2020-02-02 23:00:00
793,User_793,37,UK,71.86276675252893,2020-02-03 00:00:00
794,User_794,24,Germany,90.85645794829061,2020-02-03 01:00:00
795,User_795,55,Canada,84.36169773733094,2020-02-03 02:00:00
796,User_796,21,Germany,91.96408414440926,2020-02-03 03:00:00
797,User_797,21,UK,52.8604913522341,2020-02-03 04:00:00
798,User_798,19,Canada,76.9671730849704,2020-02-03 05:00:00
799,User_799,51,USA,76.3221283155077,2020-02-03 06:00:00
800,User_800,25,India,76.77887669435995,2020-02-03 07:00:00
801,User_801,32,UK,89.60286041256302,2020-02-03 08:00:00
802,User_802,55,Canada,95.27334923531075,2020-02-03 09:00:00
803,User_803,58,India,72.7443179777234,2020-02-03 10:00:00
804,User_804,55,UK,61.20815339117865,2020-02-03 11:00:00
805,User_805,22,UK,68.66230760476138,2020-02-03 12:00:00
806,User_806,39,Germany,55.22006817131944,2020-02-03 13:00:00
807,User_807,19,Kenya,66.96229276348257,2020-02-03 14:00:00
808,User_808,27,India,53.67074022246402,2020-02-03 15:00:00
809,User_809,43,Canada,87.77382264580393,2020-02-03 16:00:00
810,User_810,50,Kenya,62.86902566055659,2020-02-03 17:00:00
811,User_811,36,Kenya,59.004872798549144,2020-02-03 18:00:00
812,User_812,27,Germany,76.00927993844034,2020-02-03 19:00:00
813,User_813,50,USA,80.60654312289657,2020-02-03 20:00:00
814,User_814,32,Germany,64.40857616749821,2020-02-03 21:00:00
815,User_815,38,USA,85.61873038048256,2020-02-03 22:00:00
816,User_816,28,India,77.59194412805168,2020-02-03 23:00:00
817,User_817,37,Canada,77.05462087466208,2020-02-04 00:00:00
818,User_818,36,UK,85.10116249348941,2020-02-04 01:00:00
819,User_819,29,Germany,53.182715733492316,2020-02-04 02:00:00
820,User_820,30,USA,80.3185722740136,2020-02-04 03:00:00
821,User_821,52,Kenya,94.88322255223494,2020-02-04 04:00:00
822,User_822,28,Germany,66.92839975400196,2020-02-04 05:00:00
823,User_823,21,UK,56.30046809206337,2020-02-04 06:00:00
824,User_824,23,India,97.59502636831014,2020-02-04 07:00:00
825,User_825,21,Germany,97.85420618421513,2020-02-04 08:00:00
826,User_826,41,Kenya,92.29576570176323,2020-02-04 09:00:00
827,User_827,24,Germany,98.74595300379202,2020-02-04 10:00:00
828,User_828,54,India,88.70676970421671,2020-02-04 11:00:00
829,User_829,23,India,98.4889448856398,2020-02-04 12:00:00
830,User_830,30,USA,97.73908624514507,2020-02-04 13:00:00
831,User_831,59,India,90.30528272321948,2020-02-04 14:00:00
832,User_832,44,USA,85.66295770620611,2020-02-04 15:00:00
833,User_833,52,USA,95.47007448803785,2020-02-04 16:00:00
834,User_834,40,Kenya,95.2399847205764,2020-02-04 17:00:00
835,User_835,52,Germany,72.78204664292679,2020-02-04 18:00:00
836,User_836,38,Canada,52.49780358752625,2020-02-04 19:00:00
837,User_837,43,USA,71.61912884495686,2020-02-04 20:00:00
838,User_838,25,India,89.92514043144357,2020-02-04 21:00:00
839,User_839,29,Kenya,82.0504394475508,2020-02-04 22:00:00
840,User_840,56,Germany,55.33666793745476,2020-02-04 23:00:00
841,User_841,39,Kenya,51.28826439571163,2020-02-05 00:00:00
842,User_842,26,USA,83.99717343658752,2020-02-05 01:00:00
843,User_843,57,UK,65.60492866656432,2020-02-05 02:00:00
844,User_844,23,USA,93.50320491524943,2020-02-05 03:00:00
845,User_845,55,USA,65.79545580453063,2020-02-05 04:00:00
846,User_846,54,India,96.41827232369795,2020-02-05 05:00:00
847,User_847,44,Canada,62.63800417405132,2020-02-05 06:00:00
848,User_848,23,Germany,66.98202171113986,2020-02-05 07:00:00
849,User_849,47,Kenya,69.55334630759229,2020-02-05 08:00:00
850,User_850,39,Germany,78.79716257367015,2020-02-05 09:00:00
851,User_851,38,India,71.41681941078977,2020-02-05 10:00:00
852,User_852,52,Kenya,83.38959828728608,2020-02-05 11:00:00
853,User_853,21,Kenya,95.93837511452556,2020-02-05 12:00:00
854,User_854,59,Kenya,75.28766098784689,2020-02-05 13:00:00
855,User_855,19,Canada,95.14640296157631,2020-02-05 14:00:00
856,User_856,60,Germany,56.874516729699195,2020-02-05 15:00:00
857,User_857,47,Kenya,60.227460433748846,2020-02-05 16:00:00
858,User_858,30,India,60.67900081933305,2020-02-05 17:00:00
859,User_859,56,UK,64.9162088157165,2020-02-05 18:00:00
860,User_860,35,USA,84.62662466359623,2020-02-05 19:00:00
861,User_861,59,USA,50.58804108896972,2020-02-05 20:00:00
862,User_862,25,Kenya,73.36857484162337,2020-02-05 21:00:00
863,User_863,53,India,60.630090590173175,2020-02-05 22:00:00
864,User_864,19,India,55.771780993468795,2020-02-05 23:00:00
865,User_865,24,Canada,95.05222615435933,2020-02-06 00:00:00
866,User_866,49,USA,89.10963840587945,2020-02-06 01:00:00
867,User_867,29,Germany,91.3789497265771,2020-02-06 02:00:00
868,User_868,59,Kenya,96.74069271543925,2020-02-06 03:00:00
869,User_869,55,India,50.789660216958524,2020-02-06 04:00:00
870,User_870,51,Germany,91.7927402797194,2020-02-06 05:00:00
871,User_871,56,USA,77.5566329878279,2020-02-06 06:00:00
872,User_872,60,India,83.82703713154952,2020-02-06 07:00:00
873,User_873,55,USA,94.19081311372989,2020-02-06 08:00:00
874,User_874,26,Canada,90.89946122014683,2020-02-06 09:00:00
875,User_875,31,India,67.09807642906318,2020-02-06 10:00:00
876,User_876,28,Canada,50.276631349575496,2020-02-06 11:00:00
877,User_877,26,Canada,56.970356002787966,2020-02-06 12:00:00
878,User_878,37,Canada,97.06652147853303,2020-02-06 13:00:00
879,User_879,55,UK,91.56186745990668,2020-02-06 14:00:00
880,User_880,31,India,58.604887158927795,2020-02-06 15:00:00
881,User_881,48,UK,55.075550601260325,2020-02-06 16:00:00
882,User_882,54,Germany,59.27283794117222,2020-02-06 17:00:00
883,User_883,51,USA,73.99272494507943,2020-02-06 18:00:00
884,User_884,24,India,82.25158048338491,2020-02-06 19:00:00
885,User_885,56,Canada,90.11166735899178,2020-02-06 20:00:00
886,User_886,31,Kenya,91.67415960433934,2020-02-06 21:00:00
887,User_887,53,Canada,74.15304541580967,2020-02-06 22:00:00
888,User_888,57,USA,93.92736565724758,2020-02-06 23:00:00
889,User_889,49,Germany,61.19854269992417,2020-02-07 00:00:00
890,User_890,39,India,59.545652839456835,2020-02-07 01:00:00
891,User_891,38,India,51.8423711750593,2020-02-07 02:00:00
892,User_892,57,USA,85.71680636533779,2020-02-07 03:00:00
893,User_893,57,India,98.85638547563705,2020-02-07 04:00:00
894,User_894,44,India,66.17115521890673,2020-02-07 05:00:00
895,User_895,58,Kenya,89.99266086185325,2020-02-07 06:00:00
896,User_896,49,India,90.05644569549167,2020-02-07 07:00:00
897,User_897,55,USA,93.88320235684435,2020-02-07 08:00:00
898,User_898,57,UK,58.33331471270483,2020-02-07 09:00:00
899,User_899,30,UK,61.072508612689475,2020-02-07 10:00:00
900,User_900,52,Canada,66.76918962470697,2020-02-07 11:00:00
901,User_901,42,Canada,55.36724771957769,2020-02-07 12:00:00
902,User_902,36,USA,70.16508816798375,2020-02-07 13:00:00
903,User_903,25,Germany,79.69326581767896,2020-02-07 14:00:00
904,User_904,48,UK,94.0902686374275,2020-02-07 15:00:00
905,User_905,28,USA,63.974481606584675,2020-02-07 16:00:00
906,User_906,37,USA,51.28893238971472,2020-02-07 17:00:00
907,User_907,58,India,54.63386092811272,2020-02-07 18:00:00
908,User_908,42,USA,90.19225807138153,2020-02-07 19:00:00
909,User_909,38,India,86.6109669948566,2020-02-07 20:00:00
910,User_910,46,Kenya,99.45926470668064,2020-02-07 21:00:00
911,User_911,33,Canada,62.97155521062109,2020-02-07 22:00:00
912,User_912,20,India,99.13473049218425,2020-02-07 23:00:00
913,User_913,37,Germany,62.41088949518111,2020-02-08 00:00:00
914,User_914,59,Canada,75.82328596755886,2020-02-08 01:00:00
915,User_915,24,UK,72.61464955223695,2020-02-08 02:00:00
916,User_916,27,Canada,89.6912196913081,2020-02-08 03:00:00
917,User_917,55,Canada,69.71160807786536,2020-02-08 04:00:00
918,User_918,45,Germany,76.21294489828799,2020-02-08 05:00:00
919,User_919,33,Germany,61.00752702798542,2020-02-08 06:00:00
920,User_920,56,Germany,65.48880294153126,2020-02-08 07:00:00
921,User_921,55,Kenya,75.14672172658689,2020-02-08 08:00:00
922,User_922,35,India,98.71329378392983,2020-02-08 09:00:00
923,User_923,25,UK,64.67975328364014,2020-02-08 10:00:00
924,User_924,54,Germany,83.77158683732445,2020-02-08 11:00:00
925,User_925,53,USA,67.93360088414366,2020-02-08 12:00:00
926,User_926,53,Kenya,59.257377618506666,2020-02-08 13:00:00
927,User_927,57,Canada,93.43139343894146,2020-02-08 14:00:00
928,User_928,36,UK,93.0791208613068,2020-02-08 15:00:00
929,User_929,22,USA,87.52984958386494,2020-02-08 16:00:00
930,User_930,22,India,50.877903037648835,2020-02-08 17:00:00
931,User_931,48,India,61.97008172074939,2020-02-08 18:00:00
932,User_932,31,USA,61.96374533926933,2020-02-08 19:00:00
933,User_933,22,UK,92.94082567145884,2020-02-08 20:00:00
934,User_934,31,India,77.85530224608316,2020-02-08 21:00:00
935,User_935,20,Germany,97.77700723864344,2020-02-08 22:00:00
936,User_936,24,Canada,89.56339863162455,2020-02-08 23:00:00
937,User_937,32,USA,91.555779384116,2020-02-09 00:00:00
938,User_938,50,Germany,68.19790343330507,2020-02-09 01:00:00
939,User_939,47,India,94.14796302544985,2020-02-09 02:00:00
940,User_940,44,Kenya,70.18305296220072,2020-02-09 03:00:00
941,User_941,27,Germany,94.91640955232958,2020-02-09 04:00:00
942,User_942,60,UK,55.419724134743326,2020-02-09 05:00:00
943,User_943,19,UK,69.05877810207679,2020-02-09 06:00:00
944,User_944,51,Canada,50.394959924491836,2020-02-09 07:00:00
945,User_945,37,Canada,71.33014217669172,2020-02-09 08:00:00
946,User_946,22,USA,63.07811551927377,2020-02-09 09:00:00
947,User_947,24,USA,80.77423508537234,2020-02-09 10:00:00
948,User_948,45,Germany,96.04167838383273,2020-02-09 11:00:00
949,User_949,28,UK,94.39345132093021,2020-02-09 12:00:00
950,User_950,31,Canada,67.94435343265155,2020-02-09 13:00:00
951,User_951,43,Germany,84.93437263900361,2020-02-09 14:00:00
952,User_952,19,Kenya,59.30279630561886,2020-02-09 15:00:00
953,User_953,22,Kenya,50.01170705764482,2020-02-09 16:00:00
954,User_954,49,USA,54.47378246583888,2020-02-09 17:00:00
955,User_955,18,Kenya,81.57586590415359,2020-02-09 18:00:00
956,User_956,37,Canada,90.86643949224688,2020-02-09 19:00:00
957,User_957,21,Canada,68.67744254615764,2020-02-09 20:00:00
958,User_958,51,India,93.40248148746792,2020-02-09 21:00:00
959,User_959,20,USA,75.58360007647484,2020-02-09 22:00:00
960,User_960,58,UK,95.79622632606423,2020-02-09 23:00:00
961,User_961,46,Kenya,75.7990950495356,2020-02-10 00:00:00
962,User_962,21,UK,52.10211087714464,2020-02-10 01:00:00
963,User_963,49,India,86.07316174795622,2020-02-10 02:00:00
964,User_964,52,UK,72.73798087158343,2020-02-10 03:00:00
965,User_965,47,Canada,62.83107160742326,2020-02-10 04:00:00
966,User_966,50,USA,79.19441642764576,2020-02-10 05:00:00
967,User_967,57,UK,79.56652876027508,2020-02-10 06:00:00
968,User_968,49,UK,87.32267310091308,2020-02-10 07:00:00
969,User_969,52,Kenya,88.98441905026874,2020-02-10 08:00:00
970,User_970,35,UK,83.93569079285943,2020-02-10 09:00:00
971,User_971,59,Canada,83.22174263769043,2020-02-10 10:00:00
972,User_972,49,India,56.609346350037434,2020-02-10 11:00:00
973,User_973,30,Canada,54.34595809984358,2020-02-10 12:00:00
974,User_974,18,India,65.23426438978402,2020-02-10 13:00:00
975,User_975,48,USA,75.59959403555342,2020-02-10 14:00:00
976,User_976,56,India,55.442545624480616,2020-02-10 15:00:00
977,User_977,41,Kenya,74.00349981171055,2020-02-10 16:00:00
978,User_978,51,USA,75.59057737625756,2020-02-10 17:00:00
979,User_979,48,Germany,67.9117506571094,2020-02-10 18:00:00
980,User_980,57,Kenya,74.0464058732654,2020-02-10 19:00:00
981,User_981,24,Germany,97.94484413175852,2020-02-10 20:00:00
982,User_982,47,Germany,98.46436433426356,2020-02-10 21:00:00
983,User_983,54,India,54.66981403609807,2020-02-10 22:00:00
984,User_984,41,USA,86.58595111147315,2020-02-10 23:00:00
985,User_985,59,Germany,99.09340797142437,2020-02-11 00:00:00
986,User_986,43,Germany,76.66631281881938,2020-02-11 01:00:00
987,User_987,47,India,57.90767050913976,2020-02-11 02:00:00
988,User_988,55,Kenya,78.78494771487317,2020-02-11 03:00:00
989,User_989,40,Canada,69.11694612176896,2020-02-11 04:00:00
990,User_990,56,UK,83.77163230431275,2020-02-11 05:00:00
991,User_991,54,Kenya,73.39763791675368,2020-02-11 06:00:00
992,User_992,40,Germany,81.5607020545431,2020-02-11 07:00:00
993,User_993,50,UK,59.67036262035771,2020-02-11 08:00:00
994,User_994,23,USA,85.58984736764978,2020-02-11 09:00:00
995,User_995,52,India,69.6244778023065,2020-02-11 10:00:00
996,User_996,30,UK,89.92887630726784,2020-02-11 11:00:00
997,User_997,30,India,65.68049352843386,2020-02-11 12:00:00
998,User_998,45,Germany,65.28596041052782,2020-02-11 13:00:00
999,User_999,33,Canada,91.88911913849284,2020-02-11 14:00:00
1000,User_1000,56,UK,69.2484239259016,2020-02-11 15:00:00
